type,question,options,answer,audio
mcq,What is the recommended frequency for an adult to undergo a routine check-up?,Monthly;Every 3 months;Annually;Only when symptomatic,Annually,RoutineCheck-Up6.mp3
mcq,Which of the following is NOT typically included in a routine check-up?,Blood pressure measurement;Complete blood count (CBC);Review of medical history;Vaccination updates,Vaccination updates,RoutineCheck-Up7.mp3
mcq,What is the first step a doctor should take when a patient reports occasional headaches?,Prescribe pain medication;Order a brain MRI;Take a detailed history and perform a physical exam;Refer to a neurologist,Take a detailed history and perform a physical exam,RoutineCheck-up8.mp3
mcq,When a patient reports feeling fatigued which initial test is most commonly ordered?,Thyroid function test;Electrocardiogram (ECG);Chest X-ray;Allergy testing,Thyroid function test,RoutineCheck-Up9.mp3
mcq,How should a doctor address a patient's concerns about increased stress levels during a routine check-up?,Refer to a psychiatrist immediately;Suggest lifestyle modifications and possibly a mental health referral;Prescribe anti-anxiety medication;Ignore unless the patient insists on discussing it,Suggest lifestyle modifications and possibly a mental health referral,RoutineCheck-Up10.mp3
tf,Should a primary care physician routinely ask patients about recent significant changes in their weight during a check-up?,true;false,true,RoutineCheck-up1.mp3
tf,Is it important for a doctor to review a patient’s medication list including over-the-counter drugs during a routine check-up?,true;false,true,RoutineCheck-Up2.mp3
tf,Should a family history of chronic illnesses be discussed during a routine examination?,true;false,true,RoutineCheckUp-3.mp3
tf,Is it necessary to assess a patient’s diet and exercise habits during a routine check-up?,true;false,true,RoutineCheck-Up4.mp3
tf,Should a routine check-up include a discussion about the patient's mental health and stress levels?,true;false,true,RoutineCheck_Up5.mp3
mcq,When a patient presents with severe abdominal pain what is the first diagnostic step?,Abdominal ultrasound;Blood tests;Detailed history and physical examination;Immediate surgery,Detailed history and physical examination,EmergencyVisit6.mp3
mcq,What is the priority action when a patient arrives with chest pain?,Administer pain medication;Perform an electrocardiogram (ECG);Obtain a chest X-ray;Conduct a thorough history-taking,Perform an electrocardiogram (ECG),EmergencyVisit7.mp3
mcq,Which symptom in addition to severe abdominal pain would most likely indicate the need for immediate surgical consultation?,Mild nausea;Low-grade fever;Rigidity and guarding on physical exam;Occasional dizziness,Rigidity and guarding on physical exam,EmergencyVisit8.mp3
mcq,How should a doctor manage a patient who reports sudden severe pain of unknown origin?,Conduct a comprehensive history and physical exam first;Administer strong analgesics and reassess;Order a full body MRI immediately;Refer to a pain specialist,Conduct a comprehensive history and physical exam first,EmergencyVisit9.mp3
mcq,In an emergency visit which of the following histories is most critical to document immediately?,Dietary habits;Family medical history;Recent surgeries or injuries;Social history,EmergencyVisit10.mp3
tf,Should a doctor always ask if a patient has experienced a similar type of pain before during an emergency visit?,true;false,true,EmergencyVisit1.mp3
tf,Is it crucial to determine if the pain is localized or radiating in an emergency setting?,true;false,true,EmergencyVisit2.mp3
tf,Should the duration of the pain be one of the initial questions in an emergency assessment?,true;false,true,EmergencyVisit3.mp3
tf,Is it necessary to inquire about recent medication intake when assessing a patient with severe pain?,true;false,true,EmergencyVisit4.mp3
tf,Should the doctor consider the possibility of underlying chronic conditions even in an emergency situation?,true;false,true,EmergencyVisit5.mp3
mcq,What is the best initial step in evaluating a patient with intermittent fever and unexplained weight loss?,Immediate biopsy;Comprehensive history and physical examination;Prescribe broad-spectrum antibiotics;Refer to an infectious disease specialist,Comprehensive history and physical examination,DiagnosticDilemma6.mp3
mcq,Which of the following diagnostic tests would be most appropriate initially for a patient with vague gastrointestinal symptoms?,Colonoscopy;Abdominal CT scan;Blood work including liver function tests;Endoscopy,Blood work including liver function tests,DiagnosticDilemma7.mp3
mcq,When encountering a diagnostic dilemma which approach is typically most effective?,Narrow down to one likely diagnosis immediately;Use a systematic approach to rule out common conditions first;Refer to multiple specialists at once;Rely on patient’s self-diagnosis and reported symptoms,Use a systematic approach to rule out common conditions first,DiagnosticDilemma8.mp3
mcq,In a case of unexplained weight loss what additional history is most pertinent?,Recent exercise routine;Detailed dietary habits;Sleep patterns;Recent social activities,Detailed dietary habits,DiagnosticDilemma9.mp3
mcq,How often should follow-up be scheduled in a patient with an undiagnosed condition?,Weekly;Every 2 weeks;Monthly;Only when new symptoms develop,Every 2 weeks,DiagnosticDilemma10.mp3
tf,Should a doctor consider a broad range of potential diagnoses when a patient presents with vague symptoms like unexplained weight loss?,true;false,true,DiagnosticDilemma1.mp3
tf,Is it important to inquire about recent travel history in patients with unexplained symptoms?,true;false,true,DiagnosticDilemma2.mp3
tf,Should family medical history always be reviewed in cases of diagnostic uncertainty?,true;false,true,DiagnosticDilemma3.mp3
tf,Is ordering a panel of basic lab tests a standard initial approach to diagnostic dilemmas?,true;false,true,DiagnosticDilemma4.mp3
tf,Should a follow-up plan be established even if the initial diagnosis is uncertain?,true;false,true,DiagnosticDilemma5.mp3
mcq,During a follow-up visit for diabetes management what is the most crucial aspect to assess?,Blood pressure control;Blood glucose levels;Foot examination for signs of neuropathy;Cholesterol levels,Foot examination for signs of neuropathy,
mcq,What is the recommended frequency for monitoring kidney function in patients with hypertension?,Every 6 months;Annually;Every 3 to 6 months;Only when symptomatic,Every 3 to 6 months,
mcq,Which lifestyle modification is most effective in managing both diabetes and hypertension?,Reducing alcohol intake;Regular physical activity;Stress management techniques;Increased fiber intake,Regular physical activity,
mcq,When discussing treatment adherence with a patient managing chronic conditions what strategy is most beneficial?,Simplifying the medication schedule;Educating about potential side effects;Using adherence aids like pill organizers;Rotating medications regularly,Using adherence aids like pill organizers,
mcq,In managing hypertension which additional factor should be considered during a follow-up visit besides blood pressure control?,Blood glucose levels;Weight management;Vision assessment;Bone density scan,Weight management,
tf,Is it important for a doctor to regularly review a patient’s progress during follow-up visits for chronic conditions like diabetes or hypertension?,true;false,true,
tf,Should treatment adherence be discussed during every follow-up visit for chronic conditions?,true;false,true,
tf,Is it necessary to provide guidance on lifestyle modifications such as diet and exercise during follow-up visits for chronic conditions?,true;false,true,
tf,Should a doctor only focus on medication adjustments during follow-up visits for chronic conditions?,true;false,false,
tf,Is it appropriate to involve a nutritionist or physical therapist in the management plan for chronic conditions during follow-up visits?,true;false,true,
mcq,When interacting with a child with a fever and cough what is the best approach for building rapport?,Use medical jargon to show expertise;Maintain a friendly and comforting demeanor;Avoid direct eye contact with the child;Quickly move through the examination process,Maintain a friendly and comforting demeanor,
mcq,During history taking what information is crucial to ask about?,Family's vacation plans;Recent exposure to sick contacts;Favorite foods of the child;Parent's work schedule,Recent exposure to sick contacts,
mcq,What is an essential component of a gentle examination for a child with a cough?,Loudly instruct the child to lie still;Use a warm stethoscope on the child's chest;Examine the child from a distance;Skip examination of the lungs,Use a warm stethoscope on the child's chest,
mcq,How should the doctor explain the diagnosis to the caregiver?,Use complex medical terms for accuracy;Avoid discussing potential causes of the symptoms;Use simple understandable language;Provide information without involving the caregiver,Use simple understandable language,
mcq,What should be included in the treatment plan for a child with a fever and cough?,Schedule a surgery immediately;Recommend bed rest fluids and fever control;Ignore any symptoms unless they worsen;Provide antibiotics for any type of cough,Recommend bed rest fluids and fever control,
tf,Is it important for the doctor to interact with both the child and the caregiver during the visit?,true;false,true,
tf,Using toys or stickers can help engage a child during the examination.,true;false,true,
tf,A doctor should proceed with a complete examination even if the child is extremely resistant or fearful.,true;false,false,
tf,Explaining the diagnosis in simple terms helps ensure the caregiver understands the child's condition.,true;false,true,
tf,Follow-up visits are unnecessary once a child's symptoms have subsided regardless of the initial severity.,true;false,false,
mcq,When discussing palliative care options with a terminally ill patient what is the primary goal?,Cure the illness;Provide comfort and symptom management;Avoid discussing prognosis;Persuade the patient to undergo aggressive treatment,Provide comfort and symptom management,
mcq,What is a key aspect of offering empathy during end-of-life care discussions?,Minimizing emotional responses;Using technical medical terms;Listening actively and validating the patient's feelings;Rushing through the conversation,Listening actively and validating the patient's feelings,
mcq,How should a doctor approach discussing treatment goals with a terminally ill patient?,Only focus on extending life expectancy;Prioritize the patient's quality of life and personal wishes;Avoid discussing the patient's wishes;Persuade the patient to choose aggressive treatments,Prioritize the patient's quality of life and personal wishes,
mcq,Which communication strategy is most beneficial when discussing prognosis with a terminally ill patient?,Using vague language to avoid distress;Providing clear and honest information sensitively;Avoiding the topic of prognosis;Focusing solely on positive outcomes,Providing clear and honest information sensitively,
mcq,What should a doctor do if a terminally ill patient expresses fear or anxiety about the future?,Change the subject to avoid discomfort;Offer emotional support and counseling resources;Dismiss the patient's fears as normal;Encourage the patient to stay positive without addressing the fears,Offer emotional support and counseling resources,
tf,Is it important to involve the patient in decision-making about their care even if they are terminally ill?,true;false,true,
tf,Discussing advance directives and end-of-life wishes is a crucial part of palliative care.,true;false,true,
tf,A doctor's primary focus should be on prolonging life at all costs during end-of-life care.,true;false,false,
tf,Empathy and active listening are vital components of communication with terminally ill patients.,true;false,true,
tf,Regularly reassessing the patient's goals and wishes is unnecessary once a care plan is established.,true;false,false,
mcq,When interacting with a child with a fever and cough, what is the best approach for building rapport?,Use medical jargon to show expertise;Maintain a friendly and comforting demeanor;Avoid direct eye contact with the child;Quickly move through the examination process,Maintain a friendly and comforting demeanor,B
mcq,During history taking, what information is crucial to ask about?,Family's vacation plans;Recent exposure to sick contacts;Favorite foods of the child;Parent's work schedule,Recent exposure to sick contacts,B
mcq,What is an essential component of a gentle examination for a child with a cough?,Loudly instruct the child to lie still;Use a warm stethoscope on the child's chest;Examine the child from a distance;Skip examination of the lungs,Use a warm stethoscope on the child's chest,B
mcq,How should the doctor explain the diagnosis to the caregiver?,Use complex medical terms for accuracy;Avoid discussing potential causes of the symptoms;Use simple, understandable language;Provide information without involving the caregiver,Use simple, understandable language,C
mcq,What should be included in the treatment plan for a child with a fever and cough?,Schedule a surgery immediately;Recommend bed rest, fluids, and fever control;Ignore any symptoms unless they worsen;Provide antibiotics for any type of cough,Recommend bed rest, fluids, and fever control,B
mcq,When discussing palliative care options with a terminally ill patient, what is the primary goal?,Cure the illness;Provide comfort and symptom management;Avoid discussing prognosis;Persuade the patient to undergo aggressive treatment,Provide comfort and symptom management,B
mcq,What is a key aspect of offering empathy during end-of-life care discussions?,Minimizing emotional responses;Using technical medical terms;Listening actively and validating the patient's feelings;Rushing through the conversation,Listening actively and validating the patient's feelings,C
mcq,How should a doctor approach discussing treatment goals with a terminally ill patient?,Only focus on extending life expectancy;Prioritize the patient's quality of life preferences;Avoid discussing treatment options altogether;Presume the patient wants all possible treatments,Prioritize the patient's quality of life preferences,B
mcq,What is important to explore when discussing a patient’s preferences for end-of-life care?,Only the patient’s medical history;The patient's religious beliefs;The patient’s goals and values;The doctor's personal preferences,The patient’s goals and values,C
mcq,What role does advance care planning play in end-of-life care discussions?,It is unnecessary for patients with terminal illnesses;It helps clarify the patient’s wishes for future medical care;It should only involve immediate family members;It is solely the responsibility of the healthcare provider,It helps clarify the patient’s wishes for future medical care,B
mcq,When conducting a mental health assessment, what is important regarding the patient’s symptoms?,Minimize the severity of symptoms to avoid distressing the patient;Assess the duration, frequency, and impact on daily functioning;Focus only on physical symptoms;Recommend immediate hospitalization for all patients,Assess the duration, frequency, and impact on daily functioning,B
mcq,What should the doctor prioritize during a sensitive conversation with a patient experiencing anxiety or depression?,Avoid discussing emotions to prevent escalation;Validate the patient’s feelings and concerns;Prescribe medication without further discussion;Focus on past successes to boost morale,Validate the patient’s feelings and concerns,B
mcq,When assessing risk factors, what is crucial for the doctor to consider?,Disregard family history of mental illness;Assess for suicidal ideation or self-harm behaviors;Assume the patient is not at risk due to their age;Only consider recent stressors,Assess for suicidal ideation or self-harm behaviors,B
mcq,What should be discussed when exploring treatment options for anxiety or depression?,Recommend surgery as the first-line treatment;Involve the patient in decisions about therapy and/or medication;Avoid discussing potential side effects of medications;Prescribe medication without considering therapy options,Involve the patient in decisions about therapy and/or medication,B
mcq,What is a key aspect of discussing therapy as a treatment option for anxiety or depression?,Only consider cognitive-behavioral therapy (CBT);Discuss the patient’s preferences and therapeutic approaches;Recommend therapy without discussing its benefits;Assume therapy is unnecessary if medication is prescribed,Discuss the patient’s preferences and therapeutic approaches,B
mcq,When a patient expresses dissatisfaction with previous treatment, what should be the doctor's initial response?,Defend the treatment decisions made;Listen actively and acknowledge the patient’s concerns;Dismiss the patient’s dissatisfaction as unimportant;Refer the patient to another healthcare provider,Listen actively and acknowledge the patient’s concerns,B
mcq,How should a doctor maintain professionalism when addressing patient dissatisfaction?,Ignore the patient’s concerns to avoid conflict;Discuss personal challenges faced by the doctor;Listen respectfully and avoid defensiveness;Interrupt the patient frequently to clarify misunderstandings,Listen respectfully and avoid defensiveness,C
mcq,What is important when actively listening to a patient’s concerns during conflict resolution?,Assume the patient is overreacting;Offer immediate solutions without further discussion;Validate the patient’s feelings and perspectives;Disregard any non-verbal cues from the patient,Validate the patient’s feelings and perspectives,C
mcq,When working towards a resolution, what should the doctor prioritize?,Quickly move past the conflict without addressing underlying issues;Involve other healthcare providers to share blame;Focus on finding common ground and addressing the patient’s concerns;Persuade the patient to accept the doctor’s viewpoint without discussion,Focus on finding common ground and addressing the patient’s concerns,C
mcq,How can a doctor effectively communicate with a patient to prevent future conflicts?,Avoid discussing previous treatment to prevent further dissatisfaction;Provide written instructions only to avoid miscommunication;Clarify expectations and communicate clearly and transparently;Assume the patient understands medical terminology without explanation,Clarify expectations and communicate clearly and transparently,C